total_packet_rate,total_byte_rate,avg_packet_size,icmp_rate,icmp_to_total_ratio,unique_source_ips,label
196.0,12669.5,64.64030612244898,189.5,0.9668367346938775,6,1
192.0,12238.0,63.739583333333336,189.0,0.984375,4,1
195.0,12505.0,64.12820512820512,189.0,0.9692307692307692,4,1
199.5,12775.0,64.03508771929825,189.0,0.9473684210526315,5,1
190.0,12062.0,63.48421052631579,189.0,0.9947368421052631,3,1
189.5,12160.5,64.17150395778364,189.0,0.9973614775725593,3,1
189.0,11970.0,63.333333333333336,189.0,1.0,2,1
201.0,13015.0,64.75124378109453,189.0,0.9402985074626866,8,1
195.0,12505.0,64.12820512820512,189.0,0.9692307692307692,4,1
191.0,12153.0,63.6282722513089,189.0,0.9895287958115183,4,1
198.5,12705.0,64.00503778337531,190.0,0.9571788413098237,5,1
197.5,12650.0,64.0506329113924,188.0,0.9518987341772152,6,1
193.0,12329.0,63.880829015544045,189.0,0.9792746113989638,4,1
192.0,12238.0,63.739583333333336,189.0,0.984375,4,1
198.0,12742.0,64.35353535353535,189.0,0.9545454545454546,8,1
191.5,12136.0,63.3733681462141,189.0,0.9869451697127938,5,1
189.0,11970.0,63.333333333333336,189.0,1.0,2,1
195.5,13244.0,67.74424552429667,187.5,0.959079283887468,4,1
204.0,13566.0,66.5,189.0,0.9264705882352942,5,1
198.0,13159.0,66.45959595959596,189.0,0.9545454545454546,4,1
193.0,12329.0,63.880829015544045,189.0,0.9792746113989638,4,1
193.0,12306.0,63.76165803108808,187.5,0.9715025906735751,6,1
198.0,12758.0,64.43434343434343,188.5,0.952020202020202,8,1
194.0,12424.0,64.04123711340206,188.0,0.9690721649484536,5,1
194.0,12333.0,63.57216494845361,188.5,0.9716494845360825,5,1
198.5,12700.0,63.97984886649874,189.5,0.9546599496221663,6,1
190.5,12060.0,63.30708661417323,189.0,0.9921259842519685,3,1
189.0,11970.0,63.333333333333336,189.0,1.0,2,1
197.5,12732.0,64.46582278481013,189.0,0.9569620253164557,4,1
197.0,12570.0,63.807106598984774,189.0,0.9593908629441624,9,1
196.0,12550.0,64.03061224489795,189.0,0.9642857142857143,5,1
196.5,12595.0,64.09669211195929,189.0,0.9618320610687023,5,1
200.0,12909.5,64.5475,189.0,0.945,6,1
196.5,12508.0,63.653944020356235,189.0,0.9618320610687023,6,1
195.5,12558.5,64.2378516624041,189.0,0.9667519181585678,4,1
195.0,12505.0,64.12820512820512,189.0,0.9692307692307692,4,1
191.5,12152.0,63.45691906005222,189.0,0.9869451697127938,4,1
197.0,12507.0,63.48730964467005,189.0,0.9593908629441624,8,1
190.0,12190.5,64.16052631578947,189.5,0.9973684210526316,3,1
198.0,12791.5,64.60353535353535,188.5,0.952020202020202,5,1
199.5,12719.0,63.75438596491228,189.5,0.949874686716792,6,1
196.5,12508.0,63.653944020356235,189.0,0.9618320610687023,6,1
197.0,12641.0,64.16751269035532,188.5,0.9568527918781726,6,1
194.5,12459.0,64.05655526992288,189.0,0.9717223650385605,4,1
197.0,12570.0,63.807106598984774,189.0,0.9593908629441624,9,1
196.0,12550.0,64.03061224489795,189.0,0.9642857142857143,5,1
195.0,12505.0,64.12820512820512,189.0,0.9692307692307692,4,1
191.0,12106.0,63.382198952879584,189.0,0.9895287958115183,4,1
192.0,12150.0,63.28125,189.0,0.984375,3,1
191.0,12152.0,63.62303664921466,189.0,0.9895287958115183,4,1
201.0,12912.0,64.23880597014926,189.0,0.9402985074626866,5,1
198.5,12728.0,64.12090680100755,189.0,0.9521410579345088,5,1
199.0,12746.0,64.05025125628141,189.0,0.949748743718593,9,1
194.0,12358.0,63.70103092783505,189.0,0.9742268041237113,6,1
196.0,12570.0,64.13265306122449,190.0,0.9693877551020408,4,1
197.0,12620.0,64.06091370558376,188.0,0.9543147208121827,5,1
193.0,12273.0,63.590673575129536,189.5,0.9818652849740933,5,1
194.0,12430.0,64.0721649484536,188.5,0.9716494845360825,4,1
189.0,11970.0,63.333333333333336,189.0,1.0,2,1
192.0,12207.0,63.578125,189.0,0.984375,6,1
196.5,12585.0,64.04580152671755,189.0,0.9618320610687023,6,1
194.5,12450.0,64.01028277634961,189.5,0.974293059125964,4,1
195.5,12520.0,64.04092071611254,188.5,0.9641943734015346,5,1
200.0,12805.0,64.025,189.0,0.945,6,1
193.5,12519.5,64.70025839793281,189.0,0.9767441860465116,4,1
192.5,12268.0,63.72987012987013,189.5,0.9844155844155844,4,1
196.0,12570.0,64.13265306122449,190.0,0.9693877551020408,4,1
197.5,12712.0,64.36455696202532,188.5,0.9544303797468354,8,1
190.5,12092.0,63.4750656167979,189.5,0.994750656167979,3,1
189.0,11970.0,63.333333333333336,189.0,1.0,2,1
182.0,11675.5,64.1510989010989,178.5,0.9807692307692307,4,1
189.0,12203.0,64.56613756613757,178.5,0.9444444444444444,5,1
193.0,12329.0,63.880829015544045,189.0,0.9792746113989638,4,1
192.0,12238.0,63.739583333333336,189.0,0.984375,4,1
200.0,12862.0,64.31,189.0,0.945,10,1
195.0,12505.0,64.12820512820512,189.0,0.9692307692307692,4,1
191.0,12153.0,63.6282722513089,189.0,0.9895287958115183,4,1
202.0,13737.0,68.0049504950495,189.0,0.9356435643564357,5,1
201.0,13339.0,66.363184079602,189.0,0.9402985074626866,5,1
192.5,12670.0,65.81818181818181,189.0,0.9818181818181818,3,1
187.5,11875.0,63.333333333333336,187.5,1.0,2,1
191.5,12195.0,63.68146214099217,189.0,0.9869451697127938,4,1
201.0,12969.0,64.5223880597015,188.5,0.9378109452736318,10,1
197.0,12620.0,64.06091370558376,188.0,0.9543147208121827,5,1
195.5,12479.0,63.831202046035806,189.0,0.9667519181585678,6,1
193.5,12323.0,63.684754521963825,187.5,0.9689922480620154,5,1
196.5,12595.0,64.09669211195929,189.0,0.9618320610687023,5,1
195.0,12505.0,64.12820512820512,189.0,0.9692307692307692,4,1
191.0,12153.0,63.6282722513089,189.0,0.9895287958115183,4,1
200.5,12877.0,64.22443890274315,189.0,0.942643391521197,9,1
192.0,12150.0,63.28125,189.0,0.984375,3,1
192.5,12191.5,63.33246753246753,189.0,0.9818181818181818,4,1
196.0,12555.0,64.0561224489796,189.0,0.9642857142857143,5,1
196.0,12509.0,63.82142857142857,189.0,0.9642857142857143,5,1
197.0,12641.0,64.16751269035532,188.5,0.9568527918781726,6,1
194.5,12630.5,64.93830334190231,188.0,0.9665809768637532,4,1
192.0,12197.0,63.526041666666664,189.0,0.984375,5,1
200.5,12877.0,64.22443890274315,189.0,0.942643391521197,9,1
194.0,12440.0,64.12371134020619,188.0,0.9690721649484536,4,1
193.0,12329.0,63.880829015544045,189.0,0.9792746113989638,4,1
194.5,12388.0,63.69151670951157,188.5,0.9691516709511568,5,1
191.5,12421.5,64.86422976501305,189.0,0.9869451697127938,4,1
192.0,12150.0,63.28125,189.0,0.984375,3,1
201.0,12958.0,64.46766169154229,189.0,0.9402985074626866,5,1
199.5,12917.0,64.7468671679198,189.0,0.9473684210526315,9,1
196.5,12508.0,63.653944020356235,189.0,0.9618320610687023,6,1
195.0,12505.0,64.12820512820512,189.0,0.9692307692307692,4,1
197.0,12766.0,64.80203045685279,189.0,0.9593908629441624,5,1
194.0,12333.0,63.57216494845361,189.0,0.9742268041237113,5,1
194.5,12460.0,64.06169665809769,189.0,0.9717223650385605,4,1
195.5,12535.0,64.11764705882354,189.5,0.969309462915601,4,1
190.5,12076.0,63.39107611548557,188.5,0.989501312335958,4,1
195.5,12430.0,63.58056265984655,189.0,0.9667519181585678,8,1
192.5,12242.0,63.5948051948052,189.0,0.9818181818181818,5,1
196.5,12642.0,64.33587786259542,189.0,0.9618320610687023,4,1
200.5,12976.0,64.71820448877806,189.0,0.942643391521197,6,1
194.5,12419.0,63.850899742930594,189.0,0.9717223650385605,5,1
192.0,12238.0,63.739583333333336,189.0,0.984375,4,1
195.0,12505.0,64.12820512820512,189.0,0.9692307692307692,4,1
198.0,12742.0,64.35353535353535,189.0,0.9545454545454546,8,1
191.0,12153.0,63.6282722513089,189.0,0.9895287958115183,4,1
200.5,12995.0,64.81296758104739,189.0,0.942643391521197,4,1
191.5,12136.0,63.3733681462141,189.5,0.9895561357702349,4,1
192.0,12150.0,63.28125,189.0,0.984375,3,1
197.0,12682.0,64.3756345177665,189.5,0.9619289340101523,4,1
199.5,12936.0,64.84210526315789,188.0,0.9423558897243107,4,1
200.5,12908.0,64.3790523690773,189.0,0.942643391521197,10,1
195.5,12519.0,64.03580562659846,189.0,0.9667519181585678,6,1
191.0,12313.5,64.46858638743456,188.5,0.9869109947643979,4,1
193.5,12395.0,64.05684754521964,188.0,0.9715762273901809,4,1
196.5,12590.0,64.07124681933843,187.5,0.9541984732824428,5,1
195.0,12590.0,64.56410256410257,189.0,0.9692307692307692,5,1
192.0,12238.0,63.739583333333336,189.0,0.984375,4,1
190.0,12331.5,64.90263157894736,189.0,0.9947368421052631,3,1
192.0,12207.0,63.578125,189.0,0.984375,6,1
198.0,12778.0,64.53535353535354,189.0,0.9545454545454546,4,1
195.0,12449.0,63.84102564102564,189.0,0.9692307692307692,6,1
199.5,13399.0,67.16290726817043,189.0,0.9473684210526315,5,1
203.0,13953.0,68.73399014778325,189.0,0.9310344827586207,5,1
197.0,12862.0,65.28934010152284,189.5,0.9619289340101523,4,1
190.5,12123.0,63.63779527559055,188.5,0.989501312335958,4,1
197.5,12697.0,64.2886075949367,189.0,0.9569620253164557,8,1
196.0,12578.0,64.1734693877551,189.5,0.9668367346938775,4,1
192.0,12166.0,63.364583333333336,188.5,0.9817708333333334,4,1
197.0,12611.0,64.01522842639594,195.0,0.9898477157360406,4,1
194.0,12332.0,63.56701030927835,189.0,0.9742268041237113,5,1
198.0,12732.0,64.3030303030303,189.0,0.9545454545454546,5,1
197.0,12625.0,64.08629441624366,189.0,0.9593908629441624,6,1
193.0,12329.0,63.880829015544045,189.0,0.9792746113989638,4,1
36.5,2425.5,66.45205479452055,23.5,0.6438356164383562,10,1
64.5,4065.5,63.031007751937985,57.0,0.8837209302325582,5,1
70.0,4385.0,62.642857142857146,64.0,0.9142857142857143,4,1
68.5,4183.0,61.065693430656935,63.5,0.927007299270073,5,1
71.5,4449.0,62.22377622377623,65.0,0.9090909090909091,5,1
94.5,5985.0,63.333333333333336,94.5,1.0,2,1
94.5,5985.0,63.333333333333336,94.5,1.0,2,1
110.5,7528.5,68.13122171945702,94.5,0.8552036199095022,9,1
101.5,6468.0,63.724137931034484,94.5,0.9310344827586207,6,1
100.0,6475.0,64.75,94.5,0.945,4,1
100.5,6520.0,64.87562189054727,94.5,0.9402985074626866,4,1
103.5,6804.5,65.74396135265701,94.5,0.9130434782608695,5,1
98.0,6306.5,64.35204081632654,94.5,0.9642857142857143,4,1
100.5,6520.0,64.87562189054727,94.5,0.9402985074626866,4,1
102.0,6610.0,64.80392156862744,94.5,0.9264705882352942,5,1
101.5,6494.0,63.98029556650246,94.5,0.9310344827586207,8,1
96.5,6265.5,64.92746113989638,94.5,0.9792746113989638,4,1
97.5,6165.0,63.23076923076923,94.5,0.9692307692307692,3,1
108.5,7106.5,65.49769585253456,94.5,0.8709677419354839,7,1
104.0,6730.0,64.71153846153847,94.5,0.9086538461538461,6,1
96.5,6168.0,63.917098445595855,94.5,0.9792746113989638,4,1
100.0,6475.0,64.75,94.5,0.945,4,1
106.5,6937.0,65.13615023474179,94.5,0.8873239436619719,9,1
102.0,6554.0,64.25490196078431,94.5,0.9264705882352942,6,1
98.0,6296.0,64.24489795918367,94.5,0.9642857142857143,4,1
102.0,6610.0,64.80392156862744,94.5,0.9264705882352942,5,1
98.0,6211.0,63.37755102040816,94.5,0.9642857142857143,4,1
95.0,6015.0,63.31578947368421,95.0,1.0,2,1
99.5,6450.0,64.82412060301507,94.0,0.9447236180904522,4,1
48.5,3163.0,65.21649484536083,45.0,0.9278350515463918,4,1
158.5,10248.0,64.65615141955836,147.0,0.9274447949526814,10,1
100.5,6520.0,64.87562189054727,94.5,0.9402985074626866,4,1
96.5,6168.0,63.917098445595855,94.5,0.9792746113989638,4,1
103.0,6655.0,64.6116504854369,94.5,0.9174757281553398,5,1
102.0,6610.0,64.80392156862744,94.5,0.9264705882352942,5,1
98.5,6344.0,64.40609137055837,94.5,0.9593908629441624,4,1
97.5,6253.0,64.13333333333334,94.5,0.9692307692307692,4,1
100.5,6402.0,63.701492537313435,94.5,0.9402985074626866,7,1
97.5,6165.0,63.23076923076923,94.5,0.9692307692307692,3,1
105.5,6913.0,65.5260663507109,94.5,0.8957345971563981,6,1
100.0,6434.0,64.34,94.5,0.945,5,1
100.5,6433.0,64.00995024875621,94.5,0.9402985074626866,5,1
100.5,6520.0,64.87562189054727,94.5,0.9402985074626866,4,1
101.0,6710.5,66.44059405940594,94.5,0.9356435643564357,4,1
96.5,6168.0,63.917098445595855,94.5,0.9792746113989638,4,1
105.5,6862.0,65.04265402843602,95.0,0.9004739336492891,10,1
101.5,6580.0,64.82758620689656,94.0,0.9261083743842364,5,1
98.0,6211.0,63.37755102040816,94.5,0.9642857142857143,4,1
110.0,7963.5,72.39545454545454,94.5,0.8590909090909091,5,1
107.0,7801.0,72.90654205607477,95.0,0.8878504672897196,5,1
104.0,6777.0,65.16346153846153,94.5,0.9086538461538461,6,1
100.0,6490.0,64.9,94.0,0.94,4,1
101.5,6581.0,64.83743842364532,94.5,0.9310344827586207,8,1
99.0,6343.0,64.07070707070707,94.5,0.9545454545454546,5,1
104.0,6743.0,64.83653846153847,94.5,0.9086538461538461,5,1
105.0,6790.0,64.66666666666667,94.5,0.9,6,1
101.0,6438.0,63.742574257425744,94.5,0.9356435643564357,6,1
100.0,6475.0,64.75,94.5,0.945,4,1
94.5,5985.0,63.333333333333336,94.5,1.0,2,1
96.0,6075.0,63.28125,94.5,0.984375,3,1
108.0,7017.0,64.97222222222223,94.5,0.875,10,1
98.5,6344.0,64.40609137055837,94.5,0.9593908629441624,4,1
101.0,6566.0,65.00990099009901,94.5,0.9356435643564357,4,1
104.5,6744.0,64.53588516746412,94.5,0.9043062200956937,6,1
101.0,6438.0,63.742574257425744,94.5,0.9356435643564357,6,1
101.5,6565.0,64.67980295566502,94.5,0.9310344827586207,5,1
100.5,6520.0,64.87562189054727,94.5,0.9402985074626866,4,1
108.0,6971.0,64.54629629629629,94.5,0.875,10,1
97.5,6253.0,64.13333333333334,94.5,0.9692307692307692,4,1
94.5,5985.0,63.333333333333336,94.5,1.0,2,1
96.0,6075.0,63.28125,94.5,0.984375,3,1
108.5,7093.0,65.37327188940093,94.5,0.8709677419354839,6,1
98.5,6344.0,64.40609137055837,94.5,0.9593908629441624,4,1
100.5,6433.0,64.00995024875621,94.5,0.9402985074626866,5,1
107.0,7127.5,66.61214953271028,94.5,0.883177570093458,9,1
103.5,6700.0,64.73429951690821,94.5,0.9130434782608695,5,1
96.5,6168.0,63.917098445595855,94.5,0.9792746113989638,4,1
100.0,6475.0,64.75,94.5,0.945,4,1
131.0,9168.0,69.98473282442748,94.5,0.7213740458015268,5,1
106.0,7073.5,66.73113207547169,94.5,0.8915094339622641,5,1
96.0,6075.0,63.28125,94.5,0.984375,3,1
109.0,7231.0,66.33944954128441,94.5,0.8669724770642202,6,1
117.5,7855.0,66.85106382978724,95.5,0.8127659574468085,9,1
97.0,6573.0,67.76288659793815,78.5,0.8092783505154639,5,1
113.5,7591.0,66.88105726872247,94.5,0.8325991189427313,5,1
107.5,7059.0,65.66511627906976,94.5,0.8790697674418605,6,1
108.5,7144.0,65.84331797235023,94.5,0.8709677419354839,5,1
101.0,6563.0,64.98019801980197,94.5,0.9356435643564357,4,1
97.5,6254.0,64.14358974358974,94.5,0.9692307692307692,4,1
103.0,6712.0,65.16504854368932,94.5,0.9174757281553398,8,1
97.5,6191.0,63.4974358974359,94.5,0.9692307692307692,5,1
95.0,6028.0,63.45263157894737,94.5,0.9947368421052631,3,1
104.0,6807.0,65.45192307692308,94.5,0.9086538461538461,6,1
119.0,8048.0,67.63025210084034,94.5,0.7941176470588235,5,1
101.5,6607.0,65.0935960591133,94.5,0.9310344827586207,4,1
101.5,6606.0,65.08374384236453,94.5,0.9310344827586207,4,1
99.0,6387.0,64.51515151515152,94.5,0.9545454545454546,4,1
100.5,6490.0,64.57711442786069,94.5,0.9402985074626866,8,1
101.5,6606.0,65.08374384236453,94.5,0.9310344827586207,4,1
101.5,6606.0,65.08374384236453,94.5,0.9310344827586207,4,1
99.0,6300.0,63.63636363636363,94.5,0.9545454545454546,5,1
96.0,6075.0,63.28125,94.5,0.984375,3,1
96.5,6105.0,63.26424870466321,94.5,0.9792746113989638,4,1
104.0,6836.0,65.73076923076923,94.5,0.9086538461538461,4,1
104.5,6843.0,65.48325358851675,94.5,0.9043062200956937,8,1
97.5,6254.0,64.14358974358974,94.5,0.9692307692307692,4,1
103.0,8124.5,78.87864077669903,94.5,0.9174757281553398,4,1
104.0,8026.0,77.17307692307692,94.5,0.9086538461538461,5,1
109.5,8459.0,77.25114155251141,94.5,0.863013698630137,5,1
103.5,8229.0,79.5072463768116,94.5,0.9130434782608695,4,1
101.5,7228.0,71.21182266009852,94.5,0.9310344827586207,4,1
95.5,6221.5,65.14659685863874,94.5,0.9895287958115183,4,1
99.5,6342.0,63.73869346733668,94.5,0.949748743718593,8,1
97.5,6227.0,63.86666666666667,94.5,0.9692307692307692,6,1
102.0,6657.0,65.26470588235294,94.5,0.9264705882352942,4,1
106.5,6880.0,64.60093896713614,94.5,0.8873239436619719,6,1
101.5,6524.0,64.27586206896552,94.5,0.9310344827586207,6,1
98.5,6344.0,64.40609137055837,94.5,0.9593908629441624,4,1
100.0,6475.0,64.75,94.5,0.945,4,1
106.5,6937.0,65.13615023474179,94.5,0.8873239436619719,9,1
102.0,6554.0,64.25490196078431,95.0,0.9313725490196079,5,1
100.0,6403.0,64.03,94.0,0.94,5,1
96.0,6075.0,63.28125,94.5,0.984375,3,1
99.5,6285.0,63.165829145728644,94.5,0.949748743718593,4,1
103.0,6747.0,65.50485436893204,94.5,0.9174757281553398,4,1
96.5,6168.0,63.917098445595855,94.5,0.9792746113989638,4,1
107.5,7100.0,66.04651162790698,94.5,0.8790697674418605,5,1
110.5,7296.0,66.02714932126698,94.5,0.8552036199095022,9,1
101.5,6612.0,65.14285714285714,94.5,0.9310344827586207,4,1
99.0,6343.0,64.07070707070707,94.5,0.9545454545454546,5,1
107.0,6926.0,64.72897196261682,94.5,0.883177570093458,6,1
103.5,6700.0,64.73429951690821,94.5,0.9130434782608695,6,1
95.0,6031.0,63.48421052631579,94.5,0.9947368421052631,3,1
96.5,6105.0,63.26424870466321,94.5,0.9792746113989638,4,1
103.0,6552.0,63.61165048543689,94.5,0.9174757281553398,8,1
104.0,6839.0,65.75961538461539,94.5,0.9086538461538461,4,1
101.0,6563.0,64.98019801980197,94.5,0.9356435643564357,4,1
97.5,6212.0,63.712820512820514,94.5,0.9692307692307692,5,1
103.5,6845.5,66.14009661835749,94.5,0.9130434782608695,5,1
101.5,6581.0,64.83743842364532,94.5,0.9310344827586207,5,1
101.5,6524.0,64.27586206896552,94.5,0.9310344827586207,5,1
100.5,6433.0,64.00995024875621,94.5,0.9402985074626866,5,1
110.5,9297.5,84.14027149321267,94.5,0.8552036199095022,9,1
96.5,7401.0,76.69430051813471,94.5,0.9792746113989638,4,1
97.5,6813.0,69.87692307692308,94.5,0.9692307692307692,6,1
104.0,7368.0,70.84615384615384,94.5,0.9086538461538461,5,1
100.5,6605.0,65.72139303482587,94.5,0.9402985074626866,5,1
100.5,6520.0,64.87562189054727,94.5,0.9402985074626866,4,1
50.0,3477.0,69.54,43.0,0.86,4,1
38.0,2410.0,63.421052631578945,33.0,0.868421052631579,8,1
39.0,2499.0,64.07692307692308,34.0,0.8717948717948718,4,1
39.0,2525.0,64.74358974358974,33.0,0.8461538461538461,4,1
42.0,2705.0,64.4047619047619,33.0,0.7857142857142857,5,1
37.5,2448.0,65.28,34.5,0.92,5,1
50.0,3160.0,63.2,48.0,0.96,4,1
48.0,3040.0,63.333333333333336,48.0,1.0,2,1
60.0,4085.0,68.08333333333333,48.0,0.8,8,1
55.0,3635.0,66.0909090909091,48.0,0.8727272727272727,6,1
50.0,3223.0,64.46,48.0,0.96,4,1
55.0,3620.0,65.81818181818181,48.0,0.8727272727272727,5,1
57.0,3755.0,65.87719298245614,48.0,0.8421052631578947,5,1
52.5,3570.0,68.0,48.0,0.9142857142857143,4,1
51.0,3318.5,65.06862745098039,47.5,0.9313725490196079,4,1
54.5,3610.5,66.24770642201835,48.5,0.8899082568807339,4,1
51.0,3277.0,64.25490196078431,48.0,0.9411764705882353,6,1
50.0,3160.0,63.2,48.0,0.96,4,1
54.0,3578.0,66.25925925925925,48.0,0.8888888888888888,4,1
59.0,4324.0,73.28813559322033,48.0,0.8135593220338984,5,1
64.0,5461.0,85.328125,48.0,0.75,5,1
54.0,3575.0,66.20370370370371,48.0,0.8888888888888888,4,1
52.5,3589.5,68.37142857142857,48.0,0.9142857142857143,4,1
58.5,3815.0,65.21367521367522,48.0,0.8205128205128205,9,1
55.5,3665.0,66.03603603603604,48.0,0.8648648648648649,5,1
57.5,3945.5,68.61739130434782,48.0,0.8347826086956521,5,1
53.5,3402.0,63.58878504672897,48.0,0.897196261682243,5,1
54.5,3430.0,62.93577981651376,48.0,0.8807339449541285,4,1
49.5,3130.0,63.23232323232323,48.0,0.9696969696969697,3,1
57.5,4019.0,69.89565217391305,48.0,0.8347826086956521,4,1
60.5,4038.0,66.74380165289256,48.0,0.7933884297520661,9,1
56.0,3780.0,67.5,48.0,0.8571428571428571,6,1
51.0,3308.0,64.86274509803921,48.0,0.9411764705882353,4,1
55.5,3665.0,66.03603603603604,48.0,0.8648648648648649,5,1
57.5,3926.0,68.27826086956522,48.0,0.8347826086956521,5,1
50.0,3223.0,64.46,48.0,0.96,4,1
53.5,3530.0,65.98130841121495,48.0,0.897196261682243,4,1
53.0,3347.5,63.160377358490564,47.5,0.8962264150943396,5,1
54.0,3449.5,63.879629629629626,48.5,0.8981481481481481,6,1
56.5,3802.0,67.29203539823008,48.0,0.8495575221238938,4,1
50.0,3223.0,64.46,48.0,0.96,4,1
58.0,3800.0,65.51724137931035,48.0,0.8275862068965517,5,1
54.0,3575.0,66.20370370370371,48.0,0.8888888888888888,4,1
52.5,3587.5,68.33333333333333,47.5,0.9047619047619048,4,1
52.0,3376.5,64.9326923076923,47.0,0.9038461538461539,5,1
59.5,3947.0,66.33613445378151,48.0,0.8067226890756303,9,1
55.5,3665.0,66.03603603603604,48.0,0.8648648648648649,5,1
53.5,3386.0,63.28971962616822,48.0,0.897196261682243,5,1
53.0,3353.0,63.264150943396224,48.0,0.9056603773584906,5,1
51.5,3312.0,64.31067961165049,48.0,0.9320388349514563,5,1
55.5,3712.0,66.88288288288288,48.0,0.8648648648648649,4,1
55.5,3939.5,70.98198198198199,48.0,0.8648648648648649,4,1
58.0,3816.0,65.79310344827586,48.0,0.8275862068965517,9,1
55.0,3708.5,67.42727272727272,48.0,0.8727272727272727,6,1
54.0,3591.0,66.5,47.5,0.8796296296296297,4,1
54.0,3554.0,65.81481481481481,47.0,0.8703703703703703,5,1
53.5,3593.5,67.16822429906541,48.0,0.897196261682243,5,1
53.5,3530.0,65.98130841121495,48.0,0.897196261682243,4,1
50.0,3160.0,63.2,48.0,0.96,4,1
48.0,3047.5,63.489583333333336,47.5,0.9895833333333334,3,1
64.0,4317.5,67.4609375,48.0,0.75,8,1
51.5,3292.0,63.922330097087375,47.0,0.912621359223301,5,1
55.0,3620.0,65.81818181818181,48.0,0.8727272727272727,5,1
57.0,3755.0,65.87719298245614,47.5,0.8333333333333334,5,1
52.5,3441.5,65.55238095238096,47.0,0.8952380952380953,5,1
51.5,3351.5,65.07766990291262,48.0,0.9320388349514563,4,1
53.5,3530.0,65.98130841121495,48.0,0.897196261682243,4,1
60.0,3992.0,66.53333333333333,48.0,0.8,9,1
52.0,3296.0,63.38461538461539,48.0,0.9230769230769231,5,1
48.0,3040.0,63.333333333333336,48.0,1.0,2,1
53.0,3402.0,64.18867924528301,48.0,0.9056603773584906,5,1
57.0,3802.0,66.70175438596492,48.0,0.8421052631578947,5,1
54.0,3575.0,66.20370370370371,48.0,0.8888888888888888,4,1
50.5,3304.0,65.42574257425743,46.5,0.9207920792079208,4,1
54.0,3545.0,65.64814814814815,48.0,0.8888888888888888,8,1
56.0,3711.0,66.26785714285714,47.5,0.8482142857142857,6,1
52.5,3464.0,65.98095238095237,47.0,0.8952380952380953,4,1
51.5,3392.0,65.86407766990291,47.5,0.9223300970873787,5,1
62.5,4570.0,73.12,48.0,0.768,6,1
55.5,4707.0,84.8108108108108,47.0,0.8468468468468469,4,1
48.0,3040.0,63.333333333333336,48.0,1.0,2,1
56.5,3802.0,67.29203539823008,48.0,0.8495575221238938,4,1
53.0,3460.0,65.28301886792453,47.5,0.8962264150943396,9,1
55.0,3615.0,65.72727272727273,46.5,0.8454545454545455,5,1
56.0,3855.5,68.84821428571429,48.5,0.8660714285714286,5,1
58.0,3776.5,65.11206896551724,47.5,0.8189655172413793,6,1
56.5,3651.5,64.6283185840708,48.5,0.8584070796460177,6,1
54.0,3720.5,68.89814814814815,48.0,0.8888888888888888,4,1
54.0,3575.0,66.20370370370371,48.0,0.8888888888888888,4,1
58.0,3713.0,64.01724137931035,48.0,0.8275862068965517,9,1
48.0,3040.0,63.333333333333336,48.0,1.0,2,1
50.0,3222.0,64.44,48.0,0.96,4,1
58.5,3892.0,66.52991452991454,48.0,0.8205128205128205,5,1
55.5,3665.0,66.03603603603604,48.0,0.8648648648648649,5,1
55.0,3579.0,65.07272727272728,48.0,0.8727272727272727,5,1
57.0,3668.0,64.35087719298245,48.0,0.8421052631578947,6,1
60.0,4008.0,66.8,47.5,0.7916666666666666,9,1
56.0,3674.0,65.60714285714286,47.0,0.8392857142857143,6,1
50.0,3223.0,64.46,48.0,0.96,4,1
57.5,3775.0,65.65217391304348,49.5,0.8608695652173913,6,1
51.0,3220.0,63.13725490196079,48.0,0.9411764705882353,3,1
48.0,3040.0,63.333333333333336,48.0,1.0,2,1
57.0,3848.0,67.50877192982456,48.0,0.8421052631578947,4,1
53.5,3489.0,65.21495327102804,47.5,0.8878504672897196,5,1
55.5,3630.0,65.4054054054054,46.5,0.8378378378378378,9,1
57.0,3755.0,65.87719298245614,48.0,0.8421052631578947,5,1
54.0,3570.0,66.11111111111111,47.0,0.8703703703703703,5,1
53.0,3403.0,64.20754716981132,48.0,0.9056603773584906,5,1
55.5,3676.0,66.23423423423424,47.5,0.8558558558558559,5,1
55.5,3673.0,66.18018018018019,47.0,0.8468468468468469,6,1
48.5,3086.0,63.628865979381445,48.0,0.9896907216494846,3,1
55.5,3547.0,63.909909909909906,48.0,0.8648648648648649,7,1
50.0,3222.0,64.44,48.0,0.96,4,1
55.5,3712.0,66.88288288288288,48.0,0.8648648648648649,4,1
60.0,3935.0,65.58333333333333,48.0,0.8,6,1
58.0,3937.5,67.88793103448276,48.0,0.8275862068965517,6,1
54.5,3867.5,70.96330275229357,47.5,0.8715596330275229,5,1
56.5,3749.0,66.35398230088495,47.0,0.831858407079646,5,1
61.5,4260.5,69.27642276422765,47.5,0.7723577235772358,9,1
56.5,3931.0,69.57522123893806,47.5,0.8407079646017699,6,1
53.0,3500.0,66.0377358490566,47.5,0.8962264150943396,4,1
51.0,3398.5,66.63725490196079,48.0,0.9411764705882353,3,1
53.0,3532.0,66.64150943396227,48.0,0.9056603773584906,4,1
56.5,3818.0,67.57522123893806,47.5,0.8407079646017699,4,1
48.5,3112.0,64.16494845360825,47.0,0.9690721649484536,4,1
53.5,3530.0,65.98130841121495,48.0,0.897196261682243,4,1
57.0,3812.0,66.87719298245614,48.0,0.8421052631578947,8,1
54.0,3575.0,66.20370370370371,48.0,0.8888888888888888,4,1
56.0,3758.0,67.10714285714286,48.0,0.8571428571428571,4,1
62.5,4245.0,67.92,48.0,0.768,5,1
58.5,3877.0,66.27350427350427,47.5,0.811965811965812,6,1
51.5,3261.0,63.320388349514566,47.0,0.912621359223301,4,1
51.0,3220.0,63.13725490196079,48.0,0.9411764705882353,3,1
54.5,3549.0,65.11926605504587,48.0,0.8807339449541285,9,1
58.5,3892.0,66.52991452991454,48.0,0.8205128205128205,5,1
55.5,3665.0,66.03603603603604,48.0,0.8648648648648649,5,1
55.0,3816.0,69.38181818181818,48.0,0.8727272727272727,5,1
57.0,4142.0,72.66666666666667,48.0,0.8421052631578947,5,1
64.5,5285.0,81.93798449612403,47.5,0.7364341085271318,5,1
56.0,3708.0,66.21428571428571,48.0,0.8571428571428571,5,1
69.0,4610.0,66.81159420289855,48.5,0.7028985507246377,10,1
55.0,3562.0,64.76363636363637,48.0,0.8727272727272727,5,1
48.0,3040.0,63.333333333333336,48.0,1.0,2,1
57.5,3894.0,67.72173913043478,47.5,0.8260869565217391,5,1
56.5,3704.0,65.5575221238938,47.0,0.831858407079646,5,1
50.0,3223.0,64.46,48.0,0.96,4,1
71.5,4892.0,68.41958041958041,48.0,0.6713286713286714,4,1
57.5,4002.5,69.6086956521739,48.0,0.8347826086956521,4,1
56.5,3782.0,66.93805309734513,47.5,0.8407079646017699,8,1
52.0,3338.0,64.1923076923077,47.0,0.9038461538461539,5,1
57.5,3930.5,68.35652173913043,48.0,0.8347826086956521,6,1
54.0,3400.0,62.96296296296296,48.0,0.8888888888888888,4,1
